Subgroup_type,Subgroup_value,ASR_Model,Biomarker,Human_effect,ASR_effect,Deviation,CI_low,CI_high,p_val,n_DEM,n_OLD,p_FDR
Task,MONO,AWS,ttr,-0.0655,-0.0442,0.0213,0.0093,0.0332,0.0005,156,55,0.0027
Task,MONO,AWS,pronoun_ratio,0.0078,0.0146,0.0069,0.0003,0.0134,0.0391,156,55,0.0894
Task,MONO,AWS,content_ratio,0.0313,0.0207,-0.0106,-0.017,-0.0042,0.0014,156,55,0.0056
Task,MONO,AWS,mean_word_len,-0.2392,-0.2545,-0.0153,-0.0536,0.023,0.4308,156,55,0.5514
Task,MONO,AssemblyAI,ttr,-0.0655,-0.0384,0.0271,0.0142,0.0401,0.0001,156,55,0.0008
Task,MONO,AssemblyAI,pronoun_ratio,0.0078,0.0041,-0.0036,-0.0089,0.0017,0.1768,156,55,0.292
Task,MONO,AssemblyAI,content_ratio,0.0313,0.0264,-0.0049,-0.0116,0.0017,0.1451,156,55,0.2731
Task,MONO,AssemblyAI,mean_word_len,-0.2392,-0.1512,0.088,0.0435,0.1324,0.0001,156,55,0.0008
Task,MONO,CrisperWhisper,ttr,-0.0655,-0.0799,-0.0144,-0.0315,0.0027,0.0988,156,55,0.1976
Task,MONO,CrisperWhisper,pronoun_ratio,0.0078,0.0063,-0.0015,-0.0074,0.0044,0.6193,156,55,0.7223
Task,MONO,CrisperWhisper,content_ratio,0.0313,0.0279,-0.0034,-0.0111,0.0043,0.3867,156,55,0.5187
Task,MONO,CrisperWhisper,mean_word_len,-0.2392,-0.2706,-0.0314,-0.0776,0.0149,0.1825,156,55,0.292
Task,MONO,Google,ttr,-0.0655,-0.0619,0.0036,-0.0129,0.0201,0.6693,156,55,0.7223
Task,MONO,Google,pronoun_ratio,0.0078,0.0097,0.0019,-0.0072,0.0111,0.6772,156,55,0.7223
Task,MONO,Google,content_ratio,0.0313,0.0211,-0.0102,-0.0187,-0.0017,0.0193,156,55,0.0475
Task,MONO,Google,mean_word_len,-0.2392,-0.2888,-0.0496,-0.1037,0.0045,0.0719,156,55,0.1534
Task,MONO,Meta,ttr,-0.0655,0.0088,0.0743,0.0524,0.0962,0.0,156,55,0.0
Task,MONO,Meta,pronoun_ratio,0.0078,-0.0045,-0.0123,-0.0198,-0.0048,0.0014,156,55,0.0056
Task,MONO,Meta,content_ratio,0.0313,0.0244,-0.0069,-0.0168,0.003,0.1688,156,55,0.292
Task,MONO,Meta,mean_word_len,-0.2392,-0.207,0.0322,-0.0304,0.0948,0.3123,156,55,0.4543
Task,MONO,Microsoft,ttr,-0.0655,-0.065,0.0005,-0.0277,0.0287,0.9713,156,55,0.9713
Task,MONO,Microsoft,pronoun_ratio,0.0078,0.0084,0.0006,-0.0086,0.0098,0.898,156,55,0.927
Task,MONO,Microsoft,content_ratio,0.0313,0.0107,-0.0206,-0.0358,-0.0054,0.008,156,55,0.0233
Task,MONO,Microsoft,mean_word_len,-0.2392,-0.2238,0.0154,-0.055,0.0857,0.6671,156,55,0.7223
Task,MONO,Nemo,ttr,-0.0655,-0.0476,0.0179,0.0045,0.0314,0.0093,156,55,0.0248
Task,MONO,Nemo,pronoun_ratio,0.0078,0.0092,0.0014,-0.0036,0.0064,0.5781,156,55,0.7115
Task,MONO,Nemo,content_ratio,0.0313,0.0211,-0.0102,-0.0176,-0.0028,0.007,156,55,0.0224
Task,MONO,Nemo,mean_word_len,-0.2392,-0.2216,0.0176,-0.0226,0.0578,0.389,156,55,0.5187
Task,MONO,Whisper,ttr,-0.0655,-0.0396,0.026,0.0118,0.0401,0.0004,156,55,0.0026
Task,MONO,Whisper,pronoun_ratio,0.0078,0.0119,0.0041,-0.003,0.0112,0.258,156,55,0.3931
Task,MONO,Whisper,content_ratio,0.0313,0.0193,-0.012,-0.02,-0.004,0.0035,156,55,0.0124
Task,MONO,Whisper,mean_word_len,-0.2392,-0.1252,0.114,0.0663,0.1616,0.0,156,55,0.0
Task,PICT,AWS,ttr,-0.0908,-0.0779,0.0129,-0.0065,0.0323,0.1864,37,58,0.3682
Task,PICT,AWS,pronoun_ratio,0.0162,0.0232,0.0071,-0.0002,0.0144,0.0561,37,58,0.293
Task,PICT,AWS,content_ratio,0.0739,0.0635,-0.0104,-0.0251,0.0043,0.1604,37,58,0.3422
Task,PICT,AWS,mean_word_len,-0.1918,-0.2013,-0.0095,-0.0656,0.0465,0.7344,37,58,0.9039
Task,PICT,AssemblyAI,ttr,-0.0908,-0.0642,0.0266,-0.0038,0.0571,0.0845,37,58,0.3004
Task,PICT,AssemblyAI,pronoun_ratio,0.0162,0.0192,0.0031,-0.0055,0.0117,0.4769,37,58,0.6104
Task,PICT,AssemblyAI,content_ratio,0.0739,0.0649,-0.0091,-0.0245,0.0064,0.2433,37,58,0.4325
Task,PICT,AssemblyAI,mean_word_len,-0.1918,-0.153,0.0387,-0.0121,0.0896,0.1324,37,58,0.3353
Task,PICT,CrisperWhisper,ttr,-0.0908,-0.1017,-0.0109,-0.0308,0.009,0.274,37,58,0.4615
Task,PICT,CrisperWhisper,pronoun_ratio,0.0162,0.0159,-0.0002,-0.0059,0.0055,0.9423,37,58,0.9727
Task,PICT,CrisperWhisper,content_ratio,0.0739,0.0645,-0.0094,-0.0195,0.0006,0.0641,37,58,0.293
Task,PICT,CrisperWhisper,mean_word_len,-0.1918,-0.2445,-0.0527,-0.1117,0.0063,0.0788,37,58,0.3004
Task,PICT,Google,ttr,-0.0908,-0.0667,0.024,0.0039,0.0442,0.0203,37,58,0.2024
Task,PICT,Google,pronoun_ratio,0.0162,0.0246,0.0085,-0.0031,0.02,0.1467,37,58,0.3353
Task,PICT,Google,content_ratio,0.0739,0.0675,-0.0065,-0.0232,0.0103,0.4431,37,58,0.6104
Task,PICT,Google,mean_word_len,-0.1918,-0.1693,0.0225,-0.0381,0.0831,0.4618,37,58,0.6104
Task,PICT,Meta,ttr,-0.0908,-0.0192,0.0715,0.0291,0.114,0.0015,37,58,0.048
Task,PICT,Meta,pronoun_ratio,0.0162,0.0156,-0.0005,-0.0092,0.0081,0.8996,37,58,0.9727
Task,PICT,Meta,content_ratio,0.0739,0.0741,0.0002,-0.0147,0.015,0.9809,37,58,0.9809
Task,PICT,Meta,mean_word_len,-0.1918,-0.1825,0.0093,-0.0933,0.1118,0.8567,37,58,0.9727
Task,PICT,Microsoft,ttr,-0.0908,-0.0932,-0.0024,-0.0549,0.0502,0.9275,37,58,0.9727
Task,PICT,Microsoft,pronoun_ratio,0.0162,0.0118,-0.0044,-0.0149,0.0061,0.4046,37,58,0.5885
Task,PICT,Microsoft,content_ratio,0.0739,0.0282,-0.0457,-0.0854,-0.006,0.0253,37,58,0.2024
Task,PICT,Microsoft,mean_word_len,-0.1918,-0.1985,-0.0067,-0.1164,0.103,0.9022,37,58,0.9727
Task,PICT,Nemo,ttr,-0.0908,-0.062,0.0287,0.0002,0.0573,0.0484,37,58,0.293
Task,PICT,Nemo,pronoun_ratio,0.0162,0.0219,0.0057,-0.0019,0.0134,0.1392,37,58,0.3353
Task,PICT,Nemo,content_ratio,0.0739,0.0592,-0.0148,-0.0274,-0.0021,0.0227,37,58,0.2024
Task,PICT,Nemo,mean_word_len,-0.1918,-0.1513,0.0405,-0.0121,0.0931,0.1282,37,58,0.3353
Task,PICT,Whisper,ttr,-0.0908,-0.0786,0.0122,-0.017,0.0414,0.4039,37,58,0.5885
Task,PICT,Whisper,pronoun_ratio,0.0162,0.0215,0.0053,-0.0017,0.0123,0.1326,37,58,0.3353
Task,PICT,Whisper,content_ratio,0.0739,0.0645,-0.0094,-0.0239,0.005,0.1956,37,58,0.3682
Task,PICT,Whisper,mean_word_len,-0.1918,-0.1582,0.0335,-0.0314,0.0985,0.304,37,58,0.4864
Age,<75,AWS,ttr,-0.0685,-0.0471,0.0214,0.01,0.0327,0.0003,147,103,0.0032
Age,<75,AWS,pronoun_ratio,0.0325,0.0395,0.007,0.0021,0.0119,0.0053,147,103,0.0211
Age,<75,AWS,content_ratio,0.0728,0.0639,-0.0089,-0.0153,-0.0026,0.0062,147,103,0.0211
Age,<75,AWS,mean_word_len,-0.2345,-0.2524,-0.0179,-0.0535,0.0177,0.323,147,103,0.4307
Age,<75,AssemblyAI,ttr,-0.0685,-0.0437,0.0249,0.0111,0.0386,0.0005,147,103,0.004
Age,<75,AssemblyAI,pronoun_ratio,0.0325,0.0329,0.0004,-0.0041,0.0049,0.8613,147,103,0.9187
Age,<75,AssemblyAI,content_ratio,0.0728,0.0667,-0.0061,-0.0132,0.001,0.0942,147,103,0.1587
Age,<75,AssemblyAI,mean_word_len,-0.2345,-0.1797,0.0548,0.013,0.0966,0.0104,147,103,0.0238
Age,<75,CrisperWhisper,ttr,-0.0685,-0.0846,-0.0161,-0.031,-0.0012,0.034,147,103,0.068
Age,<75,CrisperWhisper,pronoun_ratio,0.0325,0.0335,0.001,-0.0041,0.0061,0.7015,147,103,0.8017
Age,<75,CrisperWhisper,content_ratio,0.0728,0.0675,-0.0052,-0.0112,0.0008,0.0892,147,103,0.1586
Age,<75,CrisperWhisper,mean_word_len,-0.2345,-0.275,-0.0406,-0.0815,0.0004,0.052,147,103,0.0979
Age,<75,Google,ttr,-0.0685,-0.0556,0.0129,-0.0025,0.0282,0.1003,147,103,0.1605
Age,<75,Google,pronoun_ratio,0.0325,0.0383,0.0059,-0.0024,0.0141,0.163,147,103,0.2439
Age,<75,Google,content_ratio,0.0728,0.0609,-0.0119,-0.0208,-0.0029,0.0095,147,103,0.0234
Age,<75,Google,mean_word_len,-0.2345,-0.2504,-0.0159,-0.0645,0.0327,0.5193,147,103,0.6391
Age,<75,Meta,ttr,-0.0685,0.0041,0.0726,0.051,0.0943,0.0,147,103,0.0
Age,<75,Meta,pronoun_ratio,0.0325,0.0224,-0.0101,-0.0163,-0.0039,0.0015,147,103,0.008
Age,<75,Meta,content_ratio,0.0728,0.0658,-0.007,-0.0169,0.003,0.1677,147,103,0.2439
Age,<75,Meta,mean_word_len,-0.2345,-0.2226,0.0119,-0.0488,0.0725,0.7003,147,103,0.8017
Age,<75,Microsoft,ttr,-0.0685,-0.0689,-0.0004,-0.028,0.0273,0.9782,147,103,0.9819
Age,<75,Microsoft,pronoun_ratio,0.0325,0.0309,-0.0015,-0.0102,0.0071,0.7269,147,103,0.8021
Age,<75,Microsoft,content_ratio,0.0728,0.0501,-0.0227,-0.039,-0.0064,0.0066,147,103,0.0211
Age,<75,Microsoft,mean_word_len,-0.2345,-0.2337,0.0008,-0.0656,0.0671,0.9819,147,103,0.9819
Age,<75,Nemo,ttr,-0.0685,-0.0493,0.0192,0.0058,0.0326,0.0053,147,103,0.0211
Age,<75,Nemo,pronoun_ratio,0.0325,0.0344,0.0019,-0.0029,0.0067,0.4416,147,103,0.5652
Age,<75,Nemo,content_ratio,0.0728,0.0656,-0.0071,-0.0137,-0.0006,0.0337,147,103,0.068
Age,<75,Nemo,mean_word_len,-0.2345,-0.215,0.0194,-0.0156,0.0544,0.2755,147,103,0.3833
Age,<75,Whisper,ttr,-0.0685,-0.0461,0.0224,0.0094,0.0355,0.0009,147,103,0.0058
Age,<75,Whisper,pronoun_ratio,0.0325,0.0405,0.008,0.0022,0.0139,0.0075,147,103,0.0216
Age,<75,Whisper,content_ratio,0.0728,0.0618,-0.0109,-0.019,-0.0029,0.0081,147,103,0.0216
Age,<75,Whisper,mean_word_len,-0.2345,-0.1503,0.0841,0.0398,0.1285,0.0002,147,103,0.0032
Age,>=75,AWS,ttr,-0.1079,-0.1254,-0.0175,-0.031,-0.004,0.0127,27,10,0.0677
Age,>=75,AWS,pronoun_ratio,0.0205,0.0185,-0.002,-0.0262,0.0221,0.8662,27,10,0.8941
Age,>=75,AWS,content_ratio,0.0767,0.0622,-0.0145,-0.029,0.0,0.0506,27,10,0.1472
Age,>=75,AWS,mean_word_len,-0.3415,-0.3486,-0.0071,-0.0824,0.0683,0.8449,27,10,0.8941
Age,>=75,AssemblyAI,ttr,-0.1079,-0.1066,0.0013,-0.0143,0.0169,0.8618,27,10,0.8941
Age,>=75,AssemblyAI,pronoun_ratio,0.0205,0.0103,-0.0102,-0.0265,0.006,0.2094,27,10,0.4786
Age,>=75,AssemblyAI,content_ratio,0.0767,0.0641,-0.0127,-0.0237,-0.0016,0.0263,27,10,0.1027
Age,>=75,AssemblyAI,mean_word_len,-0.3415,-0.2901,0.0514,-0.0389,0.1417,0.2424,27,10,0.5171
Age,>=75,CrisperWhisper,ttr,-0.1079,-0.1323,-0.0243,-0.0749,0.0262,0.3322,27,10,0.5998
Age,>=75,CrisperWhisper,pronoun_ratio,0.0205,0.0139,-0.0066,-0.0239,0.0106,0.4392,27,10,0.7027
Age,>=75,CrisperWhisper,content_ratio,0.0767,0.0678,-0.0089,-0.0319,0.0142,0.4304,27,10,0.7027
Age,>=75,CrisperWhisper,mean_word_len,-0.3415,-0.3899,-0.0484,-0.1496,0.0528,0.3374,27,10,0.5998
Age,>=75,Google,ttr,-0.1079,-0.1397,-0.0318,-0.0569,-0.0066,0.0148,27,10,0.0677
Age,>=75,Google,pronoun_ratio,0.0205,-0.0072,-0.0278,-0.0486,-0.0069,0.0109,27,10,0.0677
Age,>=75,Google,content_ratio,0.0767,0.068,-0.0087,-0.0266,0.0092,0.3274,27,10,0.5998
Age,>=75,Google,mean_word_len,-0.3415,-0.3191,0.0224,-0.1236,0.1684,0.7445,27,10,0.8941
Age,>=75,Meta,ttr,-0.1079,-0.0543,0.0537,0.0239,0.0835,0.0012,27,10,0.0128
Age,>=75,Meta,pronoun_ratio,0.0205,0.0206,0.0001,-0.0188,0.019,0.9893,27,10,0.9893
Age,>=75,Meta,content_ratio,0.0767,0.0743,-0.0024,-0.0177,0.0129,0.7535,27,10,0.8941
Age,>=75,Meta,mean_word_len,-0.3415,-0.2243,0.1172,-0.0046,0.2391,0.0588,27,10,0.1568
Age,>=75,Microsoft,ttr,-0.1079,-0.085,0.0229,0.0021,0.0437,0.0321,27,10,0.1027
Age,>=75,Microsoft,pronoun_ratio,0.0205,0.0242,0.0037,-0.0085,0.0159,0.5419,27,10,0.7882
Age,>=75,Microsoft,content_ratio,0.0767,0.0665,-0.0102,-0.0254,0.005,0.1816,27,10,0.447
Age,>=75,Microsoft,mean_word_len,-0.3415,-0.2341,0.1075,0.0116,0.2034,0.0297,27,10,0.1027
Age,>=75,Nemo,ttr,-0.1079,-0.1055,0.0024,-0.0195,0.0244,0.8172,27,10,0.8941
Age,>=75,Nemo,pronoun_ratio,0.0205,0.025,0.0045,-0.0106,0.0195,0.5361,27,10,0.7882
Age,>=75,Nemo,content_ratio,0.0767,0.0511,-0.0256,-0.0381,-0.0132,0.0002,27,10,0.0064
Age,>=75,Nemo,mean_word_len,-0.3415,-0.3256,0.016,-0.0553,0.0872,0.6419,27,10,0.8931
Age,>=75,Whisper,ttr,-0.1079,-0.1038,0.0042,-0.0157,0.024,0.6723,27,10,0.8941
Age,>=75,Whisper,pronoun_ratio,0.0205,0.0173,-0.0032,-0.0253,0.0189,0.7693,27,10,0.8941
Age,>=75,Whisper,content_ratio,0.0767,0.0612,-0.0156,-0.0257,-0.0054,0.0038,27,10,0.0304
Age,>=75,Whisper,mean_word_len,-0.3415,-0.1792,0.1624,0.074,0.2507,0.0007,27,10,0.0112
Sex,Male,AWS,ttr,-0.057,-0.0441,0.0129,-0.0001,0.0259,0.052,112,53,0.1843
Sex,Male,AWS,pronoun_ratio,0.0223,0.0238,0.0015,-0.0059,0.0088,0.6966,112,53,0.844
Sex,Male,AWS,content_ratio,0.0665,0.061,-0.0055,-0.0135,0.0024,0.1727,112,53,0.3251
Sex,Male,AWS,mean_word_len,-0.2332,-0.2275,0.0058,-0.0403,0.0519,0.805,112,53,0.8587
Sex,Male,AssemblyAI,ttr,-0.057,-0.0363,0.0207,0.0037,0.0378,0.0175,112,53,0.0933
Sex,Male,AssemblyAI,pronoun_ratio,0.0223,0.0202,-0.0021,-0.0087,0.0045,0.5289,112,53,0.7359
Sex,Male,AssemblyAI,content_ratio,0.0665,0.0581,-0.0084,-0.0176,0.0008,0.0745,112,53,0.1987
Sex,Male,AssemblyAI,mean_word_len,-0.2332,-0.1702,0.063,0.0136,0.1125,0.0127,112,53,0.0813
Sex,Male,CrisperWhisper,ttr,-0.057,-0.07,-0.013,-0.0282,0.0022,0.094,112,53,0.2314
Sex,Male,CrisperWhisper,pronoun_ratio,0.0223,0.0217,-0.0006,-0.005,0.0038,0.7735,112,53,0.8587
Sex,Male,CrisperWhisper,content_ratio,0.0665,0.0597,-0.0069,-0.0139,0.0002,0.0576,112,53,0.1843
Sex,Male,CrisperWhisper,mean_word_len,-0.2332,-0.2532,-0.0199,-0.0592,0.0194,0.3179,112,53,0.4844
Sex,Male,Google,ttr,-0.057,-0.0535,0.0035,-0.0151,0.022,0.7121,112,53,0.844
Sex,Male,Google,pronoun_ratio,0.0223,0.0169,-0.0054,-0.0145,0.0037,0.2397,112,53,0.4069
Sex,Male,Google,content_ratio,0.0665,0.0511,-0.0154,-0.0261,-0.0047,0.0049,112,53,0.0392
Sex,Male,Google,mean_word_len,-0.2332,-0.2084,0.0248,-0.0296,0.0792,0.3691,112,53,0.5369
Sex,Male,Meta,ttr,-0.057,0.0068,0.0638,0.0368,0.0907,0.0,112,53,0.0
Sex,Male,Meta,pronoun_ratio,0.0223,0.0092,-0.0132,-0.0216,-0.0047,0.0025,112,53,0.0267
Sex,Male,Meta,content_ratio,0.0665,0.0594,-0.0072,-0.0201,0.0057,0.2744,112,53,0.439
Sex,Male,Meta,mean_word_len,-0.2332,-0.2262,0.007,-0.0639,0.078,0.8455,112,53,0.8728
Sex,Male,Microsoft,ttr,-0.057,-0.0641,-0.0071,-0.0375,0.0233,0.6463,112,53,0.844
Sex,Male,Microsoft,pronoun_ratio,0.0223,0.0167,-0.0056,-0.0133,0.0021,0.1536,112,53,0.3142
Sex,Male,Microsoft,content_ratio,0.0665,0.0505,-0.016,-0.0332,0.0012,0.0674,112,53,0.1961
Sex,Male,Microsoft,mean_word_len,-0.2332,-0.2186,0.0146,-0.0566,0.0858,0.6856,112,53,0.844
Sex,Male,Nemo,ttr,-0.057,-0.046,0.011,-0.0042,0.0262,0.1532,112,53,0.3142
Sex,Male,Nemo,pronoun_ratio,0.0223,0.0226,0.0002,-0.0058,0.0062,0.9404,112,53,0.9404
Sex,Male,Nemo,content_ratio,0.0665,0.0606,-0.006,-0.0143,0.0023,0.1571,112,53,0.3142
Sex,Male,Nemo,mean_word_len,-0.2332,-0.2272,0.006,-0.037,0.049,0.7832,112,53,0.8587
Sex,Male,Whisper,ttr,-0.057,-0.0395,0.0175,0.0022,0.0328,0.0252,112,53,0.1152
Sex,Male,Whisper,pronoun_ratio,0.0223,0.0269,0.0046,-0.0031,0.0122,0.2416,112,53,0.4069
Sex,Male,Whisper,content_ratio,0.0665,0.0561,-0.0105,-0.0207,-0.0002,0.0449,112,53,0.1796
Sex,Male,Whisper,mean_word_len,-0.2332,-0.1381,0.0951,0.0436,0.1466,0.0004,112,53,0.0064
Sex,Female,AWS,ttr,-0.0895,-0.0687,0.0208,0.0041,0.0374,0.0152,62,60,0.0608
Sex,Female,AWS,pronoun_ratio,0.0424,0.0539,0.0115,0.0035,0.0196,0.0057,62,60,0.0365
Sex,Female,AWS,content_ratio,0.08,0.0655,-0.0144,-0.0225,-0.0064,0.0006,62,60,0.0096
Sex,Female,AWS,mean_word_len,-0.2125,-0.2598,-0.0473,-0.0911,-0.0034,0.0348,62,60,0.0928
Sex,Female,AssemblyAI,ttr,-0.0895,-0.0672,0.0223,0.008,0.0366,0.0027,62,60,0.0216
Sex,Female,AssemblyAI,pronoun_ratio,0.0424,0.0417,-0.0007,-0.0062,0.0048,0.796,62,60,0.8491
Sex,Female,AssemblyAI,content_ratio,0.08,0.0768,-0.0031,-0.0094,0.0032,0.3263,62,60,0.454
Sex,Female,AssemblyAI,mean_word_len,-0.2125,-0.1674,0.0451,-0.0116,0.1019,0.1177,62,60,0.1963
Sex,Female,CrisperWhisper,ttr,-0.0895,-0.1177,-0.0282,-0.0574,0.001,0.058,62,60,0.129
Sex,Female,CrisperWhisper,pronoun_ratio,0.0424,0.0435,0.0011,-0.0107,0.0129,0.8488,62,60,0.8734
Sex,Female,CrisperWhisper,content_ratio,0.08,0.0783,-0.0016,-0.0121,0.0088,0.756,62,60,0.8342
Sex,Female,CrisperWhisper,mean_word_len,-0.2125,-0.2875,-0.075,-0.1543,0.0044,0.0636,62,60,0.129
Sex,Female,Google,ttr,-0.0895,-0.074,0.0155,-0.0069,0.038,0.1723,62,60,0.2626
Sex,Female,Google,pronoun_ratio,0.0424,0.056,0.0136,-0.0001,0.0274,0.0517,62,60,0.1273
Sex,Female,Google,content_ratio,0.08,0.0752,-0.0048,-0.0175,0.008,0.4579,62,60,0.5974
Sex,Female,Google,mean_word_len,-0.2125,-0.2709,-0.0584,-0.1328,0.016,0.1227,62,60,0.1963
Sex,Female,Meta,ttr,-0.0895,-0.0181,0.0714,0.0473,0.0954,0.0,62,60,0.0
Sex,Female,Meta,pronoun_ratio,0.0424,0.0401,-0.0023,-0.0108,0.0063,0.5956,62,60,0.6807
Sex,Female,Meta,content_ratio,0.08,0.0765,-0.0034,-0.0132,0.0063,0.4854,62,60,0.5974
Sex,Female,Meta,mean_word_len,-0.2125,-0.1663,0.0463,-0.0402,0.1327,0.2903,62,60,0.4223
Sex,Female,Microsoft,ttr,-0.0895,-0.0775,0.012,-0.0285,0.0525,0.5555,62,60,0.6584
Sex,Female,Microsoft,pronoun_ratio,0.0424,0.0484,0.006,-0.0107,0.0227,0.4773,62,60,0.5974
Sex,Female,Microsoft,content_ratio,0.08,0.0513,-0.0286,-0.0538,-0.0035,0.0264,62,60,0.0911
Sex,Female,Microsoft,mean_word_len,-0.2125,-0.2044,0.0082,-0.0939,0.1103,0.8734,62,60,0.8734
Sex,Female,Nemo,ttr,-0.0895,-0.0624,0.0271,0.0077,0.0466,0.007,62,60,0.037
Sex,Female,Nemo,pronoun_ratio,0.0424,0.0479,0.0055,-0.0014,0.0123,0.1173,62,60,0.1963
Sex,Female,Nemo,content_ratio,0.08,0.0664,-0.0136,-0.0223,-0.0049,0.0025,62,60,0.0216
Sex,Female,Nemo,mean_word_len,-0.2125,-0.1682,0.0443,-0.0027,0.0914,0.0645,62,60,0.129
Sex,Female,Whisper,ttr,-0.0895,-0.0679,0.0216,0.002,0.0411,0.031,62,60,0.0911
Sex,Female,Whisper,pronoun_ratio,0.0424,0.0507,0.0083,-0.0021,0.0187,0.1167,62,60,0.1963
Sex,Female,Whisper,content_ratio,0.08,0.07,-0.0099,-0.019,-0.0009,0.0313,62,60,0.0911
Sex,Female,Whisper,mean_word_len,-0.2125,-0.1185,0.094,0.0252,0.1629,0.0081,62,60,0.037
Dementia_subtype,Subtype_2 (n_pts=37),AWS,ttr,-0.0764,-0.0743,0.0021,-0.0071,0.0112,0.6565,65,113,0.8605
Dementia_subtype,Subtype_2 (n_pts=37),AWS,pronoun_ratio,0.0293,0.0341,0.0048,-0.0002,0.0098,0.0621,65,113,0.2869
Dementia_subtype,Subtype_2 (n_pts=37),AWS,content_ratio,0.0556,0.0464,-0.0092,-0.0148,-0.0036,0.0014,65,113,0.0224
Dementia_subtype,Subtype_2 (n_pts=37),AWS,mean_word_len,-0.121,-0.1533,-0.0323,-0.067,0.0025,0.0684,65,113,0.2869
Dementia_subtype,Subtype_2 (n_pts=37),AssemblyAI,ttr,-0.0764,-0.074,0.0024,-0.0093,0.0141,0.6847,65,113,0.8605
Dementia_subtype,Subtype_2 (n_pts=37),AssemblyAI,pronoun_ratio,0.0293,0.0306,0.0013,-0.0039,0.0066,0.6173,65,113,0.8589
Dementia_subtype,Subtype_2 (n_pts=37),AssemblyAI,content_ratio,0.0556,0.0547,-0.0009,-0.0064,0.0045,0.7373,65,113,0.8605
Dementia_subtype,Subtype_2 (n_pts=37),AssemblyAI,mean_word_len,-0.121,-0.1158,0.0052,-0.0311,0.0415,0.7761,65,113,0.8605
Dementia_subtype,Subtype_2 (n_pts=37),CrisperWhisper,ttr,-0.0764,-0.0888,-0.0124,-0.0261,0.0012,0.0737,65,113,0.2869
Dementia_subtype,Subtype_2 (n_pts=37),CrisperWhisper,pronoun_ratio,0.0293,0.0287,-0.0005,-0.0047,0.0036,0.8009,65,113,0.8605
Dementia_subtype,Subtype_2 (n_pts=37),CrisperWhisper,content_ratio,0.0556,0.052,-0.0037,-0.0119,0.0046,0.3784,65,113,0.6373
Dementia_subtype,Subtype_2 (n_pts=37),CrisperWhisper,mean_word_len,-0.121,-0.1423,-0.0213,-0.0482,0.0056,0.1201,65,113,0.3203
Dementia_subtype,Subtype_2 (n_pts=37),Google,ttr,-0.0764,-0.0672,0.0092,-0.0064,0.0248,0.246,65,113,0.4373
Dementia_subtype,Subtype_2 (n_pts=37),Google,pronoun_ratio,0.0293,0.0309,0.0016,-0.0073,0.0106,0.7168,65,113,0.8605
Dementia_subtype,Subtype_2 (n_pts=37),Google,content_ratio,0.0556,0.0484,-0.0073,-0.0179,0.0033,0.1761,65,113,0.4241
Dementia_subtype,Subtype_2 (n_pts=37),Google,mean_word_len,-0.121,-0.161,-0.0399,-0.101,0.0211,0.1967,65,113,0.4241
Dementia_subtype,Subtype_2 (n_pts=37),Meta,ttr,-0.0764,-0.0433,0.033,0.0182,0.0478,0.0,65,113,0.0
Dementia_subtype,Subtype_2 (n_pts=37),Meta,pronoun_ratio,0.0293,0.0228,-0.0064,-0.0137,0.0008,0.0807,65,113,0.2869
Dementia_subtype,Subtype_2 (n_pts=37),Meta,content_ratio,0.0556,0.0568,0.0012,-0.0082,0.0106,0.8067,65,113,0.8605
Dementia_subtype,Subtype_2 (n_pts=37),Meta,mean_word_len,-0.121,-0.1601,-0.0391,-0.099,0.0209,0.1988,65,113,0.4241
Dementia_subtype,Subtype_2 (n_pts=37),Microsoft,ttr,-0.0764,-0.0537,0.0227,-0.0058,0.0511,0.1163,65,113,0.3203
Dementia_subtype,Subtype_2 (n_pts=37),Microsoft,pronoun_ratio,0.0293,0.0294,0.0002,-0.0085,0.0088,0.9707,65,113,0.9956
Dementia_subtype,Subtype_2 (n_pts=37),Microsoft,content_ratio,0.0556,0.0413,-0.0143,-0.0379,0.0093,0.2307,65,113,0.4343
Dementia_subtype,Subtype_2 (n_pts=37),Microsoft,mean_word_len,-0.121,-0.0844,0.0366,-0.0234,0.0967,0.2284,65,113,0.4343
Dementia_subtype,Subtype_2 (n_pts=37),Nemo,ttr,-0.0764,-0.073,0.0034,-0.0057,0.0124,0.4622,65,113,0.7043
Dementia_subtype,Subtype_2 (n_pts=37),Nemo,pronoun_ratio,0.0293,0.0344,0.0051,-0.0011,0.0114,0.1074,65,113,0.3203
Dementia_subtype,Subtype_2 (n_pts=37),Nemo,content_ratio,0.0556,0.0457,-0.01,-0.0181,-0.0019,0.0166,65,113,0.1328
Dementia_subtype,Subtype_2 (n_pts=37),Nemo,mean_word_len,-0.121,-0.135,-0.014,-0.05,0.022,0.4419,65,113,0.7043
Dementia_subtype,Subtype_2 (n_pts=37),Whisper,ttr,-0.0764,-0.0764,-0.0,-0.0114,0.0113,0.9956,65,113,0.9956
Dementia_subtype,Subtype_2 (n_pts=37),Whisper,pronoun_ratio,0.0293,0.0341,0.0049,0.0002,0.0096,0.0432,65,113,0.2765
Dementia_subtype,Subtype_2 (n_pts=37),Whisper,content_ratio,0.0556,0.0539,-0.0018,-0.0081,0.0046,0.5874,65,113,0.8544
Dementia_subtype,Subtype_2 (n_pts=37),Whisper,mean_word_len,-0.121,-0.0771,0.0439,0.0089,0.0789,0.0145,65,113,0.1328
Dementia_subtype,Subtype_3 (n_pts=12),AWS,ttr,-0.1439,-0.1175,0.0265,-0.0002,0.0532,0.0515,22,113,0.1266
Dementia_subtype,Subtype_3 (n_pts=12),AWS,pronoun_ratio,0.0319,0.0393,0.0074,0.0002,0.0147,0.0456,22,113,0.1266
Dementia_subtype,Subtype_3 (n_pts=12),AWS,content_ratio,0.049,0.0446,-0.0044,-0.0239,0.0151,0.6477,22,113,0.7147
Dementia_subtype,Subtype_3 (n_pts=12),AWS,mean_word_len,-0.4727,-0.4112,0.0615,-0.0048,0.1279,0.0677,22,113,0.1444
Dementia_subtype,Subtype_3 (n_pts=12),AssemblyAI,ttr,-0.1439,-0.1155,0.0284,0.012,0.0449,0.0016,22,113,0.0203
Dementia_subtype,Subtype_3 (n_pts=12),AssemblyAI,pronoun_ratio,0.0319,0.0264,-0.0055,-0.0144,0.0035,0.222,22,113,0.44
Dementia_subtype,Subtype_3 (n_pts=12),AssemblyAI,content_ratio,0.049,0.0441,-0.0049,-0.0133,0.0036,0.2475,22,113,0.44
Dementia_subtype,Subtype_3 (n_pts=12),AssemblyAI,mean_word_len,-0.4727,-0.3474,0.1253,0.0509,0.1996,0.0019,22,113,0.0203
Dementia_subtype,Subtype_3 (n_pts=12),CrisperWhisper,ttr,-0.1439,-0.1403,0.0036,-0.0103,0.0176,0.5979,22,113,0.7086
Dementia_subtype,Subtype_3 (n_pts=12),CrisperWhisper,pronoun_ratio,0.0319,0.0288,-0.0031,-0.01,0.0038,0.3631,22,113,0.5052
Dementia_subtype,Subtype_3 (n_pts=12),CrisperWhisper,content_ratio,0.049,0.04,-0.0089,-0.0174,-0.0005,0.0382,22,113,0.1222
Dementia_subtype,Subtype_3 (n_pts=12),CrisperWhisper,mean_word_len,-0.4727,-0.501,-0.0283,-0.0891,0.0325,0.3456,22,113,0.5027
Dementia_subtype,Subtype_3 (n_pts=12),Google,ttr,-0.1439,-0.1293,0.0147,-0.0244,0.0537,0.4452,22,113,0.5699
Dementia_subtype,Subtype_3 (n_pts=12),Google,pronoun_ratio,0.0319,0.033,0.0011,-0.0123,0.0145,0.8669,22,113,0.8669
Dementia_subtype,Subtype_3 (n_pts=12),Google,content_ratio,0.049,0.0421,-0.0069,-0.0187,0.005,0.2465,22,113,0.44
Dementia_subtype,Subtype_3 (n_pts=12),Google,mean_word_len,-0.4727,-0.4501,0.0226,-0.0505,0.0957,0.5319,22,113,0.6546
Dementia_subtype,Subtype_3 (n_pts=12),Meta,ttr,-0.1439,-0.0296,0.1143,0.0613,0.1673,0.0002,22,113,0.0064
Dementia_subtype,Subtype_3 (n_pts=12),Meta,pronoun_ratio,0.0319,0.0199,-0.012,-0.0221,-0.0019,0.0216,22,113,0.0864
Dementia_subtype,Subtype_3 (n_pts=12),Meta,content_ratio,0.049,0.0523,0.0033,-0.0152,0.0218,0.7158,22,113,0.7389
Dementia_subtype,Subtype_3 (n_pts=12),Meta,mean_word_len,-0.4727,-0.3126,0.1601,0.0278,0.2924,0.0199,22,113,0.0864
Dementia_subtype,Subtype_3 (n_pts=12),Microsoft,ttr,-0.1439,-0.172,-0.0281,-0.1018,0.0456,0.4373,22,113,0.5699
Dementia_subtype,Subtype_3 (n_pts=12),Microsoft,pronoun_ratio,0.0319,0.0142,-0.0176,-0.0316,-0.0037,0.0155,22,113,0.0827
Dementia_subtype,Subtype_3 (n_pts=12),Microsoft,content_ratio,0.049,-0.0164,-0.0654,-0.1324,0.0017,0.0554,22,113,0.1266
Dementia_subtype,Subtype_3 (n_pts=12),Microsoft,mean_word_len,-0.4727,-0.5148,-0.0422,-0.2725,0.1882,0.7075,22,113,0.7389
Dementia_subtype,Subtype_3 (n_pts=12),Nemo,ttr,-0.1439,-0.1267,0.0173,0.0012,0.0333,0.0365,22,113,0.1222
Dementia_subtype,Subtype_3 (n_pts=12),Nemo,pronoun_ratio,0.0319,0.0358,0.0039,-0.0035,0.0114,0.2847,22,113,0.459
Dementia_subtype,Subtype_3 (n_pts=12),Nemo,content_ratio,0.049,0.0329,-0.016,-0.032,-0.0,0.0496,22,113,0.1266
Dementia_subtype,Subtype_3 (n_pts=12),Nemo,mean_word_len,-0.4727,-0.4413,0.0314,-0.031,0.0938,0.3097,22,113,0.4719
Dementia_subtype,Subtype_3 (n_pts=12),Whisper,ttr,-0.1439,-0.1098,0.0341,0.0101,0.058,0.0073,22,113,0.0467
Dementia_subtype,Subtype_3 (n_pts=12),Whisper,pronoun_ratio,0.0319,0.0345,0.0026,-0.009,0.0142,0.6471,22,113,0.7147
Dementia_subtype,Subtype_3 (n_pts=12),Whisper,content_ratio,0.049,0.0407,-0.0083,-0.0239,0.0074,0.2869,22,113,0.459
Dementia_subtype,Subtype_3 (n_pts=12),Whisper,mean_word_len,-0.4727,-0.3269,0.1458,0.0502,0.2415,0.0045,22,113,0.036
Dementia_subtype,Subtype_4 (n_pts=12),AWS,ttr,-0.0537,-0.0454,0.0083,-0.0056,0.0222,0.2285,18,113,0.7312
Dementia_subtype,Subtype_4 (n_pts=12),AWS,pronoun_ratio,0.0351,0.037,0.002,-0.0081,0.012,0.6867,18,113,0.8625
Dementia_subtype,Subtype_4 (n_pts=12),AWS,content_ratio,0.0723,0.0647,-0.0076,-0.0171,0.0018,0.1084,18,113,0.4955
Dementia_subtype,Subtype_4 (n_pts=12),AWS,mean_word_len,-0.077,-0.1182,-0.0413,-0.1491,0.0666,0.4322,18,113,0.8136
Dementia_subtype,Subtype_4 (n_pts=12),AssemblyAI,ttr,-0.0537,-0.0499,0.0038,-0.008,0.0157,0.5111,18,113,0.8314
Dementia_subtype,Subtype_4 (n_pts=12),AssemblyAI,pronoun_ratio,0.0351,0.0347,-0.0003,-0.0075,0.0068,0.925,18,113,0.925
Dementia_subtype,Subtype_4 (n_pts=12),AssemblyAI,content_ratio,0.0723,0.0668,-0.0055,-0.0115,0.0004,0.0667,18,113,0.3717
Dementia_subtype,Subtype_4 (n_pts=12),AssemblyAI,mean_word_len,-0.077,-0.0687,0.0083,-0.0976,0.1141,0.8714,18,113,0.9218
Dementia_subtype,Subtype_4 (n_pts=12),CrisperWhisper,ttr,-0.0537,-0.0591,-0.0054,-0.0155,0.0047,0.2833,18,113,0.7378
Dementia_subtype,Subtype_4 (n_pts=12),CrisperWhisper,pronoun_ratio,0.0351,0.0346,-0.0004,-0.0072,0.0063,0.893,18,113,0.9218
Dementia_subtype,Subtype_4 (n_pts=12),CrisperWhisper,content_ratio,0.0723,0.0615,-0.0109,-0.0188,-0.0029,0.0096,18,113,0.1536
Dementia_subtype,Subtype_4 (n_pts=12),CrisperWhisper,mean_word_len,-0.077,-0.1276,-0.0507,-0.1559,0.0546,0.325,18,113,0.7378
Dementia_subtype,Subtype_4 (n_pts=12),Google,ttr,-0.0537,-0.0356,0.0181,-0.0016,0.0378,0.0697,18,113,0.3717
Dementia_subtype,Subtype_4 (n_pts=12),Google,pronoun_ratio,0.0351,0.0397,0.0047,-0.0157,0.025,0.6369,18,113,0.8492
Dementia_subtype,Subtype_4 (n_pts=12),Google,content_ratio,0.0723,0.0666,-0.0057,-0.0273,0.0159,0.5867,18,113,0.8314
Dementia_subtype,Subtype_4 (n_pts=12),Google,mean_word_len,-0.077,-0.0953,-0.0184,-0.1271,0.0904,0.7277,18,113,0.8625
Dementia_subtype,Subtype_4 (n_pts=12),Meta,ttr,-0.0537,-0.0364,0.0173,-0.0079,0.0425,0.1674,18,113,0.6574
Dementia_subtype,Subtype_4 (n_pts=12),Meta,pronoun_ratio,0.0351,0.0312,-0.0038,-0.0119,0.0043,0.338,18,113,0.7378
Dementia_subtype,Subtype_4 (n_pts=12),Meta,content_ratio,0.0723,0.0672,-0.0052,-0.0169,0.0065,0.3689,18,113,0.7378
Dementia_subtype,Subtype_4 (n_pts=12),Meta,mean_word_len,-0.077,-0.0957,-0.0187,-0.1483,0.1109,0.7655,18,113,0.8749
Dementia_subtype,Subtype_4 (n_pts=12),Microsoft,ttr,-0.0537,-0.0367,0.017,-0.0207,0.0546,0.356,18,113,0.7378
Dementia_subtype,Subtype_4 (n_pts=12),Microsoft,pronoun_ratio,0.0351,0.0266,-0.0085,-0.0214,0.0044,0.1849,18,113,0.6574
Dementia_subtype,Subtype_4 (n_pts=12),Microsoft,content_ratio,0.0723,0.0532,-0.0191,-0.0393,0.0011,0.0628,18,113,0.3717
Dementia_subtype,Subtype_4 (n_pts=12),Microsoft,mean_word_len,-0.077,-0.0923,-0.0153,-0.1561,0.1255,0.8221,18,113,0.9071
Dementia_subtype,Subtype_4 (n_pts=12),Nemo,ttr,-0.0537,-0.057,-0.0033,-0.016,0.0094,0.5976,18,113,0.8314
Dementia_subtype,Subtype_4 (n_pts=12),Nemo,pronoun_ratio,0.0351,0.034,-0.001,-0.0069,0.0048,0.7178,18,113,0.8625
Dementia_subtype,Subtype_4 (n_pts=12),Nemo,content_ratio,0.0723,0.0573,-0.0151,-0.026,-0.0042,0.0089,18,113,0.1536
Dementia_subtype,Subtype_4 (n_pts=12),Nemo,mean_word_len,-0.077,-0.1164,-0.0394,-0.1597,0.0809,0.4997,18,113,0.8314
Dementia_subtype,Subtype_4 (n_pts=12),Whisper,ttr,-0.0537,-0.0603,-0.0066,-0.0199,0.0066,0.3123,18,113,0.7378
Dementia_subtype,Subtype_4 (n_pts=12),Whisper,pronoun_ratio,0.0351,0.0369,0.0019,-0.0047,0.0084,0.5616,18,113,0.8314
Dementia_subtype,Subtype_4 (n_pts=12),Whisper,content_ratio,0.0723,0.0636,-0.0087,-0.0167,-0.0007,0.0337,18,113,0.3595
Dementia_subtype,Subtype_4 (n_pts=12),Whisper,mean_word_len,-0.077,-0.1099,-0.0329,-0.1549,0.089,0.5772,18,113,0.8314
Dementia_subtype,Subtype_5 (n_pts=7),AWS,ttr,-0.1225,-0.0962,0.0263,-0.0516,0.1042,0.4764,13,113,0.8024
Dementia_subtype,Subtype_5 (n_pts=7),AWS,pronoun_ratio,-0.0064,0.0031,0.0096,-0.0038,0.0229,0.1471,13,113,0.3957
Dementia_subtype,Subtype_5 (n_pts=7),AWS,content_ratio,0.0763,0.0469,-0.0295,-0.071,0.0121,0.1484,13,113,0.3957
Dementia_subtype,Subtype_5 (n_pts=7),AWS,mean_word_len,-0.508,-0.5266,-0.0187,-0.1493,0.1119,0.7615,13,113,0.9025
Dementia_subtype,Subtype_5 (n_pts=7),AssemblyAI,ttr,-0.1225,-0.0333,0.0892,-0.0301,0.2086,0.1293,13,113,0.3957
Dementia_subtype,Subtype_5 (n_pts=7),AssemblyAI,pronoun_ratio,-0.0064,-0.0019,0.0045,-0.018,0.0269,0.6739,13,113,0.8626
Dementia_subtype,Subtype_5 (n_pts=7),AssemblyAI,content_ratio,0.0763,0.0163,-0.06,-0.1252,0.0052,0.0679,13,113,0.3957
Dementia_subtype,Subtype_5 (n_pts=7),AssemblyAI,mean_word_len,-0.508,-0.4846,0.0234,-0.0714,0.1182,0.6035,13,113,0.8397
Dementia_subtype,Subtype_5 (n_pts=7),CrisperWhisper,ttr,-0.1225,-0.2151,-0.0926,-0.209,0.0239,0.109,13,113,0.3957
Dementia_subtype,Subtype_5 (n_pts=7),CrisperWhisper,pronoun_ratio,-0.0064,-0.014,-0.0076,-0.0288,0.0136,0.4487,13,113,0.7977
Dementia_subtype,Subtype_5 (n_pts=7),CrisperWhisper,content_ratio,0.0763,0.0749,-0.0014,-0.0273,0.0245,0.9081,13,113,0.9834
Dementia_subtype,Subtype_5 (n_pts=7),CrisperWhisper,mean_word_len,-0.508,-0.698,-0.19,-0.445,0.065,0.1306,13,113,0.3957
Dementia_subtype,Subtype_5 (n_pts=7),Google,ttr,-0.1225,-0.1472,-0.0247,-0.1104,0.0611,0.543,13,113,0.8172
Dementia_subtype,Subtype_5 (n_pts=7),Google,pronoun_ratio,-0.0064,-0.0055,0.0009,-0.0229,0.0248,0.9334,13,113,0.9834
Dementia_subtype,Subtype_5 (n_pts=7),Google,content_ratio,0.0763,0.0707,-0.0056,-0.0259,0.0146,0.5618,13,113,0.8172
Dementia_subtype,Subtype_5 (n_pts=7),Google,mean_word_len,-0.508,-0.5067,0.0012,-0.1196,0.122,0.9831,13,113,0.9834
Dementia_subtype,Subtype_5 (n_pts=7),Meta,ttr,-0.1225,0.0757,0.1982,0.0375,0.3589,0.0197,13,113,0.2101
Dementia_subtype,Subtype_5 (n_pts=7),Meta,pronoun_ratio,-0.0064,-0.01,-0.0036,-0.0204,0.0132,0.6508,13,113,0.8626
Dementia_subtype,Subtype_5 (n_pts=7),Meta,content_ratio,0.0763,0.057,-0.0193,-0.0656,0.027,0.382,13,113,0.7191
Dementia_subtype,Subtype_5 (n_pts=7),Meta,mean_word_len,-0.508,-0.3418,0.1661,-0.1702,0.5024,0.3034,13,113,0.6473
Dementia_subtype,Subtype_5 (n_pts=7),Microsoft,ttr,-0.1225,-0.2414,-0.1189,-0.2842,0.0464,0.1432,13,113,0.3957
Dementia_subtype,Subtype_5 (n_pts=7),Microsoft,pronoun_ratio,-0.0064,-0.0224,-0.016,-0.046,0.0139,0.2668,13,113,0.6098
Dementia_subtype,Subtype_5 (n_pts=7),Microsoft,content_ratio,0.0763,0.076,-0.0004,-0.0373,0.0366,0.9834,13,113,0.9834
Dementia_subtype,Subtype_5 (n_pts=7),Microsoft,mean_word_len,-0.508,-0.5661,-0.0581,-0.3906,0.2744,0.7102,13,113,0.8741
Dementia_subtype,Subtype_5 (n_pts=7),Nemo,ttr,-0.1225,-0.0554,0.0672,-0.0416,0.1759,0.2034,13,113,0.5007
Dementia_subtype,Subtype_5 (n_pts=7),Nemo,pronoun_ratio,-0.0064,0.0081,0.0145,0.0008,0.0283,0.0397,13,113,0.3176
Dementia_subtype,Subtype_5 (n_pts=7),Nemo,content_ratio,0.0763,0.065,-0.0114,-0.0375,0.0148,0.3634,13,113,0.7191
Dementia_subtype,Subtype_5 (n_pts=7),Nemo,mean_word_len,-0.508,-0.4962,0.0118,-0.1205,0.144,0.85,13,113,0.9714
Dementia_subtype,Subtype_5 (n_pts=7),Whisper,ttr,-0.1225,0.0007,0.1232,0.028,0.2184,0.0154,13,113,0.2101
Dementia_subtype,Subtype_5 (n_pts=7),Whisper,pronoun_ratio,-0.0064,-0.0154,-0.009,-0.0393,0.0212,0.5278,13,113,0.8172
Dementia_subtype,Subtype_5 (n_pts=7),Whisper,content_ratio,0.0763,0.0173,-0.0591,-0.1279,0.0098,0.0862,13,113,0.3957
Dementia_subtype,Subtype_5 (n_pts=7),Whisper,mean_word_len,-0.508,-0.1476,0.3604,0.0907,0.63,0.013,13,113,0.2101
Dementia_subtype,Subtype_6 (n_pts=8),AWS,ttr,-0.0799,-0.0886,-0.0087,-0.0228,0.0054,0.2039,11,113,0.5437
Dementia_subtype,Subtype_6 (n_pts=8),AWS,pronoun_ratio,0.0541,0.0621,0.008,-0.008,0.0241,0.2915,11,113,0.5643
Dementia_subtype,Subtype_6 (n_pts=8),AWS,content_ratio,0.0719,0.077,0.0051,-0.0047,0.0149,0.278,11,113,0.5643
Dementia_subtype,Subtype_6 (n_pts=8),AWS,mean_word_len,-0.2631,-0.2916,-0.0285,-0.1025,0.0455,0.4168,11,113,0.6669
Dementia_subtype,Subtype_6 (n_pts=8),AssemblyAI,ttr,-0.0799,-0.0808,-0.0009,-0.02,0.0182,0.9184,11,113,0.948
Dementia_subtype,Subtype_6 (n_pts=8),AssemblyAI,pronoun_ratio,0.0541,0.054,-0.0001,-0.0114,0.0112,0.9843,11,113,0.9843
Dementia_subtype,Subtype_6 (n_pts=8),AssemblyAI,content_ratio,0.0719,0.0751,0.0032,-0.0064,0.0128,0.4849,11,113,0.7285
Dementia_subtype,Subtype_6 (n_pts=8),AssemblyAI,mean_word_len,-0.2631,-0.2317,0.0314,-0.033,0.0958,0.3096,11,113,0.5643
Dementia_subtype,Subtype_6 (n_pts=8),CrisperWhisper,ttr,-0.0799,-0.0965,-0.0166,-0.0419,0.0086,0.1752,11,113,0.5437
Dementia_subtype,Subtype_6 (n_pts=8),CrisperWhisper,pronoun_ratio,0.0541,0.0605,0.0064,-0.0029,0.0157,0.1593,11,113,0.5437
Dementia_subtype,Subtype_6 (n_pts=8),CrisperWhisper,content_ratio,0.0719,0.069,-0.0029,-0.0128,0.0071,0.5464,11,113,0.7285
Dementia_subtype,Subtype_6 (n_pts=8),CrisperWhisper,mean_word_len,-0.2631,-0.2662,-0.0031,-0.0578,0.0516,0.9038,11,113,0.948
Dementia_subtype,Subtype_6 (n_pts=8),Google,ttr,-0.0799,-0.0857,-0.0058,-0.0382,0.0266,0.6999,11,113,0.8295
Dementia_subtype,Subtype_6 (n_pts=8),Google,pronoun_ratio,0.0541,0.0605,0.0065,-0.015,0.0279,0.5198,11,113,0.7285
Dementia_subtype,Subtype_6 (n_pts=8),Google,content_ratio,0.0719,0.0626,-0.0093,-0.0238,0.0053,0.1922,11,113,0.5437
Dementia_subtype,Subtype_6 (n_pts=8),Google,mean_word_len,-0.2631,-0.3307,-0.0676,-0.2099,0.0747,0.3174,11,113,0.5643
Dementia_subtype,Subtype_6 (n_pts=8),Meta,ttr,-0.0799,-0.0346,0.0453,0.0075,0.0831,0.023,11,113,0.5437
Dementia_subtype,Subtype_6 (n_pts=8),Meta,pronoun_ratio,0.0541,0.04,-0.0141,-0.0367,0.0086,0.1976,11,113,0.5437
Dementia_subtype,Subtype_6 (n_pts=8),Meta,content_ratio,0.0719,0.059,-0.0129,-0.0356,0.0098,0.2376,11,113,0.5643
Dementia_subtype,Subtype_6 (n_pts=8),Meta,mean_word_len,-0.2631,-0.2827,-0.0196,-0.1609,0.1217,0.7655,11,113,0.8749
Dementia_subtype,Subtype_6 (n_pts=8),Microsoft,ttr,-0.0799,-0.0464,0.0334,-0.0169,0.0838,0.1711,11,113,0.5437
Dementia_subtype,Subtype_6 (n_pts=8),Microsoft,pronoun_ratio,0.0541,0.0553,0.0012,-0.0159,0.0183,0.8786,11,113,0.948
Dementia_subtype,Subtype_6 (n_pts=8),Microsoft,content_ratio,0.0719,0.0638,-0.0081,-0.028,0.0117,0.3871,11,113,0.652
Dementia_subtype,Subtype_6 (n_pts=8),Microsoft,mean_word_len,-0.2631,-0.2405,0.0226,-0.0557,0.101,0.5405,11,113,0.7285
Dementia_subtype,Subtype_6 (n_pts=8),Nemo,ttr,-0.0799,-0.0919,-0.012,-0.0267,0.0027,0.1007,11,113,0.5437
Dementia_subtype,Subtype_6 (n_pts=8),Nemo,pronoun_ratio,0.0541,0.0596,0.0056,-0.005,0.0162,0.2712,11,113,0.5643
Dementia_subtype,Subtype_6 (n_pts=8),Nemo,content_ratio,0.0719,0.0774,0.0055,-0.002,0.013,0.1441,11,113,0.5437
Dementia_subtype,Subtype_6 (n_pts=8),Nemo,mean_word_len,-0.2631,-0.2508,0.0123,-0.041,0.0656,0.626,11,113,0.8013
Dementia_subtype,Subtype_6 (n_pts=8),Whisper,ttr,-0.0799,-0.075,0.0048,-0.0209,0.0306,0.6865,11,113,0.8295
Dementia_subtype,Subtype_6 (n_pts=8),Whisper,pronoun_ratio,0.0541,0.0633,0.0093,-0.0034,0.0219,0.1344,11,113,0.5437
Dementia_subtype,Subtype_6 (n_pts=8),Whisper,content_ratio,0.0719,0.0592,-0.0127,-0.0307,0.0053,0.149,11,113,0.5437
Dementia_subtype,Subtype_6 (n_pts=8),Whisper,mean_word_len,-0.2631,-0.2083,0.0548,-0.0074,0.1169,0.0789,11,113,0.5437
Dementia_subtype,Subtype_7 (n_pts=3),AWS,ttr,0.0372,0.0715,0.0343,-0.0701,0.1386,0.2955,3,113,0.7973
Dementia_subtype,Subtype_7 (n_pts=3),AWS,pronoun_ratio,0.0936,-0.0118,-0.1054,-0.4594,0.2486,0.3288,3,113,0.7973
Dementia_subtype,Subtype_7 (n_pts=3),AWS,content_ratio,0.101,0.1041,0.0031,-0.0066,0.0128,0.402,3,113,0.7973
Dementia_subtype,Subtype_7 (n_pts=3),AWS,mean_word_len,-0.2449,-0.1432,0.1016,-0.0097,0.213,0.0606,3,113,0.5528
Dementia_subtype,Subtype_7 (n_pts=3),AssemblyAI,ttr,0.0372,0.0754,0.0381,0.002,0.0742,0.0449,3,113,0.5528
Dementia_subtype,Subtype_7 (n_pts=3),AssemblyAI,pronoun_ratio,0.0936,0.0326,-0.0611,-0.3434,0.2213,0.4505,3,113,0.7973
Dementia_subtype,Subtype_7 (n_pts=3),AssemblyAI,content_ratio,0.101,0.0835,-0.0175,-0.1379,0.1028,0.5962,3,113,0.7973
Dementia_subtype,Subtype_7 (n_pts=3),AssemblyAI,mean_word_len,-0.2449,-0.1818,0.063,-0.06,0.186,0.1764,3,113,0.7973
Dementia_subtype,Subtype_7 (n_pts=3),CrisperWhisper,ttr,0.0372,0.0423,0.005,-0.0251,0.0351,0.598,3,113,0.7973
Dementia_subtype,Subtype_7 (n_pts=3),CrisperWhisper,pronoun_ratio,0.0936,0.1013,0.0077,-0.0412,0.0566,0.5728,3,113,0.7973
Dementia_subtype,Subtype_7 (n_pts=3),CrisperWhisper,content_ratio,0.101,0.1073,0.0063,-0.0123,0.0248,0.3289,3,113,0.7973
Dementia_subtype,Subtype_7 (n_pts=3),CrisperWhisper,mean_word_len,-0.2449,-0.3072,-0.0623,-0.3335,0.2088,0.4341,3,113,0.7973
Dementia_subtype,Subtype_7 (n_pts=3),Google,ttr,0.0372,0.0758,0.0385,-0.1487,0.2258,0.4727,3,113,0.7973
Dementia_subtype,Subtype_7 (n_pts=3),Google,pronoun_ratio,0.0936,0.0173,-0.0764,-0.3225,0.1698,0.3141,3,113,0.7973
Dementia_subtype,Subtype_7 (n_pts=3),Google,content_ratio,0.101,0.1133,0.0122,-0.0069,0.0314,0.1345,3,113,0.7973
Dementia_subtype,Subtype_7 (n_pts=3),Google,mean_word_len,-0.2449,-0.286,-0.0411,-0.5654,0.4832,0.7716,3,113,0.8818
Dementia_subtype,Subtype_7 (n_pts=3),Meta,ttr,0.0372,0.1068,0.0696,0.0436,0.0956,0.003,3,113,0.096
Dementia_subtype,Subtype_7 (n_pts=3),Meta,pronoun_ratio,0.0936,0.0177,-0.0759,-0.294,0.1423,0.2737,3,113,0.7973
Dementia_subtype,Subtype_7 (n_pts=3),Meta,content_ratio,0.101,0.0996,-0.0014,-0.176,0.1731,0.9752,3,113,0.9752
Dementia_subtype,Subtype_7 (n_pts=3),Meta,mean_word_len,-0.2449,-0.3861,-0.1413,-1.057,0.7745,0.5771,3,113,0.7973
Dementia_subtype,Subtype_7 (n_pts=3),Microsoft,ttr,0.0372,0.0311,-0.0062,-0.062,0.0497,0.7078,3,113,0.8539
Dementia_subtype,Subtype_7 (n_pts=3),Microsoft,pronoun_ratio,0.0936,0.0999,0.0063,-0.0499,0.0624,0.6832,3,113,0.8539
Dementia_subtype,Subtype_7 (n_pts=3),Microsoft,content_ratio,0.101,0.1,-0.001,-0.0235,0.0216,0.8883,3,113,0.9475
Dementia_subtype,Subtype_7 (n_pts=3),Microsoft,mean_word_len,-0.2449,-0.3027,-0.0579,-0.2671,0.1513,0.3759,3,113,0.7973
Dementia_subtype,Subtype_7 (n_pts=3),Nemo,ttr,0.0372,0.0369,-0.0004,-0.0336,0.0328,0.9674,3,113,0.9752
Dementia_subtype,Subtype_7 (n_pts=3),Nemo,pronoun_ratio,0.0936,0.0833,-0.0103,-0.0789,0.0582,0.5848,3,113,0.7973
Dementia_subtype,Subtype_7 (n_pts=3),Nemo,content_ratio,0.101,0.1146,0.0136,-0.0153,0.0425,0.1996,3,113,0.7973
Dementia_subtype,Subtype_7 (n_pts=3),Nemo,mean_word_len,-0.2449,-0.2335,0.0114,-0.2885,0.3113,0.8878,3,113,0.9475
Dementia_subtype,Subtype_7 (n_pts=3),Whisper,ttr,0.0372,0.0224,-0.0149,-0.1689,0.1392,0.7205,3,113,0.8539
Dementia_subtype,Subtype_7 (n_pts=3),Whisper,pronoun_ratio,0.0936,0.0063,-0.0873,-0.4799,0.3053,0.4397,3,113,0.7973
Dementia_subtype,Subtype_7 (n_pts=3),Whisper,content_ratio,0.101,0.1168,0.0158,-0.0026,0.0341,0.0691,3,113,0.5528
Dementia_subtype,Subtype_7 (n_pts=3),Whisper,mean_word_len,-0.2449,0.0307,0.2756,-1.1498,1.7009,0.4934,3,113,0.7973
Transcript_length,Q1,AWS,ttr,-0.0809,-0.0185,0.0624,0.0296,0.0953,0.0004,42,35,0.0043
Transcript_length,Q1,AWS,pronoun_ratio,0.0389,0.0518,0.0129,-0.0074,0.0332,0.2075,42,35,0.3495
Transcript_length,Q1,AWS,content_ratio,0.149,0.1356,-0.0134,-0.0308,0.0041,0.1305,42,35,0.2477
Transcript_length,Q1,AWS,mean_word_len,-0.4286,-0.4451,-0.0165,-0.1078,0.0749,0.719,42,35,0.7934
Transcript_length,Q1,AssemblyAI,ttr,-0.0809,0.0017,0.0826,0.0418,0.1234,0.0002,42,35,0.0032
Transcript_length,Q1,AssemblyAI,pronoun_ratio,0.0389,0.0366,-0.0023,-0.0174,0.0128,0.7582,42,35,0.8087
Transcript_length,Q1,AssemblyAI,content_ratio,0.149,0.1288,-0.0202,-0.0428,0.0024,0.0786,42,35,0.1677
Transcript_length,Q1,AssemblyAI,mean_word_len,-0.4286,-0.2678,0.1608,0.0516,0.27,0.0048,42,35,0.0384
Transcript_length,Q1,CrisperWhisper,ttr,-0.0809,-0.1062,-0.0253,-0.0728,0.0222,0.2898,42,35,0.4215
Transcript_length,Q1,CrisperWhisper,pronoun_ratio,0.0389,0.0435,0.0047,-0.0116,0.021,0.5667,42,35,0.6894
Transcript_length,Q1,CrisperWhisper,content_ratio,0.149,0.1377,-0.0112,-0.0277,0.0053,0.1779,42,35,0.3163
Transcript_length,Q1,CrisperWhisper,mean_word_len,-0.4286,-0.4961,-0.0674,-0.1881,0.0532,0.2666,42,35,0.4062
Transcript_length,Q1,Google,ttr,-0.0809,-0.0654,0.0155,-0.0272,0.0582,0.4698,42,35,0.6184
Transcript_length,Q1,Google,pronoun_ratio,0.0389,0.0549,0.016,-0.0099,0.0419,0.2192,42,35,0.3507
Transcript_length,Q1,Google,content_ratio,0.149,0.1237,-0.0252,-0.0477,-0.0027,0.0286,42,35,0.0998
Transcript_length,Q1,Google,mean_word_len,-0.4286,-0.4806,-0.0519,-0.1648,0.061,0.3617,42,35,0.5032
Transcript_length,Q1,Meta,ttr,-0.0809,0.0545,0.1354,0.0777,0.193,0.0,42,35,0.0
Transcript_length,Q1,Meta,pronoun_ratio,0.0389,0.0211,-0.0177,-0.0351,-0.0003,0.0459,42,35,0.1224
Transcript_length,Q1,Meta,content_ratio,0.149,0.1163,-0.0327,-0.0628,-0.0025,0.0343,42,35,0.0998
Transcript_length,Q1,Meta,mean_word_len,-0.4286,-0.4693,-0.0407,-0.197,0.1156,0.6032,42,35,0.6894
Transcript_length,Q1,Microsoft,ttr,-0.0809,-0.0842,-0.0033,-0.0767,0.0702,0.929,42,35,0.929
Transcript_length,Q1,Microsoft,pronoun_ratio,0.0389,0.0457,0.0068,-0.0187,0.0323,0.5942,42,35,0.6894
Transcript_length,Q1,Microsoft,content_ratio,0.149,0.1243,-0.0247,-0.052,0.0025,0.0746,42,35,0.1677
Transcript_length,Q1,Microsoft,mean_word_len,-0.4286,-0.3708,0.0578,-0.1068,0.2224,0.4831,42,35,0.6184
Transcript_length,Q1,Nemo,ttr,-0.0809,-0.0221,0.0588,0.0164,0.1011,0.0076,42,35,0.0405
Transcript_length,Q1,Nemo,pronoun_ratio,0.0389,0.0374,-0.0014,-0.0165,0.0137,0.8492,42,35,0.8766
Transcript_length,Q1,Nemo,content_ratio,0.149,0.1367,-0.0123,-0.0284,0.0038,0.1316,42,35,0.2477
Transcript_length,Q1,Nemo,mean_word_len,-0.4286,-0.3357,0.0929,0.0072,0.1786,0.0341,42,35,0.0998
Transcript_length,Q1,Whisper,ttr,-0.0809,-0.0345,0.0464,0.0045,0.0882,0.0307,42,35,0.0998
Transcript_length,Q1,Whisper,pronoun_ratio,0.0389,0.0582,0.0194,-0.0015,0.0402,0.0678,42,35,0.1669
Transcript_length,Q1,Whisper,content_ratio,0.149,0.1227,-0.0263,-0.0491,-0.0036,0.0244,42,35,0.0998
Transcript_length,Q1,Whisper,mean_word_len,-0.4286,-0.2707,0.1579,0.0441,0.2718,0.0075,42,35,0.0405
Transcript_length,Q2,AWS,ttr,-0.0513,-0.04,0.0114,-0.0055,0.0282,0.181,36,41,0.3861
Transcript_length,Q2,AWS,pronoun_ratio,0.029,0.0339,0.005,-0.004,0.014,0.2696,36,41,0.4818
Transcript_length,Q2,AWS,content_ratio,0.0544,0.0371,-0.0173,-0.0289,-0.0057,0.0043,36,41,0.0459
Transcript_length,Q2,AWS,mean_word_len,-0.2286,-0.3144,-0.0858,-0.1487,-0.0229,0.0083,36,41,0.0664
Transcript_length,Q2,AssemblyAI,ttr,-0.0513,-0.0423,0.0091,-0.0073,0.0254,0.271,36,41,0.4818
Transcript_length,Q2,AssemblyAI,pronoun_ratio,0.029,0.0277,-0.0012,-0.0073,0.0048,0.6823,36,41,0.8087
Transcript_length,Q2,AssemblyAI,content_ratio,0.0544,0.0493,-0.0051,-0.0129,0.0027,0.1989,36,41,0.3978
Transcript_length,Q2,AssemblyAI,mean_word_len,-0.2286,-0.2371,-0.0084,-0.0718,0.055,0.7913,36,41,0.9043
Transcript_length,Q2,CrisperWhisper,ttr,-0.0513,-0.0812,-0.0299,-0.0622,0.0025,0.0699,36,41,0.2033
Transcript_length,Q2,CrisperWhisper,pronoun_ratio,0.029,0.025,-0.004,-0.0146,0.0066,0.4504,36,41,0.6804
Transcript_length,Q2,CrisperWhisper,content_ratio,0.0544,0.0526,-0.0019,-0.0202,0.0165,0.8391,36,41,0.9229
Transcript_length,Q2,CrisperWhisper,mean_word_len,-0.2286,-0.3177,-0.089,-0.1852,0.0071,0.0686,36,41,0.2033
Transcript_length,Q2,Google,ttr,-0.0513,-0.0337,0.0176,-0.0068,0.042,0.1532,36,41,0.3502
Transcript_length,Q2,Google,pronoun_ratio,0.029,0.0244,-0.0046,-0.0172,0.008,0.4678,36,41,0.6804
Transcript_length,Q2,Google,content_ratio,0.0544,0.0489,-0.0055,-0.0216,0.0105,0.4925,36,41,0.6816
Transcript_length,Q2,Google,mean_word_len,-0.2286,-0.2353,-0.0067,-0.1084,0.0951,0.8958,36,41,0.9247
Transcript_length,Q2,Meta,ttr,-0.0513,0.0137,0.065,0.0295,0.1005,0.0006,36,41,0.0192
Transcript_length,Q2,Meta,pronoun_ratio,0.029,0.0223,-0.0066,-0.019,0.0057,0.2883,36,41,0.4856
Transcript_length,Q2,Meta,content_ratio,0.0544,0.0481,-0.0063,-0.0215,0.0089,0.41,36,41,0.656
Transcript_length,Q2,Meta,mean_word_len,-0.2286,-0.152,0.0766,-0.0178,0.1711,0.1097,36,41,0.27
Transcript_length,Q2,Microsoft,ttr,-0.0513,-0.0369,0.0144,-0.0296,0.0584,0.5112,36,41,0.6816
Transcript_length,Q2,Microsoft,pronoun_ratio,0.029,0.0301,0.0012,-0.0126,0.0149,0.8652,36,41,0.9229
Transcript_length,Q2,Microsoft,content_ratio,0.0544,0.0258,-0.0286,-0.047,-0.0102,0.0031,36,41,0.0459
Transcript_length,Q2,Microsoft,mean_word_len,-0.2286,-0.26,-0.0314,-0.1615,0.0988,0.6289,36,41,0.774
Transcript_length,Q2,Nemo,ttr,-0.0513,-0.0306,0.0208,0.003,0.0385,0.0228,36,41,0.1459
Transcript_length,Q2,Nemo,pronoun_ratio,0.029,0.037,0.0081,-0.0004,0.0165,0.0604,36,41,0.2033
Transcript_length,Q2,Nemo,content_ratio,0.0544,0.0416,-0.0128,-0.0258,0.0002,0.0529,36,41,0.2033
Transcript_length,Q2,Nemo,mean_word_len,-0.2286,-0.2102,0.0184,-0.0517,0.0885,0.5998,36,41,0.7677
Transcript_length,Q2,Whisper,ttr,-0.0513,-0.0231,0.0282,-0.0018,0.0582,0.0647,36,41,0.2033
Transcript_length,Q2,Whisper,pronoun_ratio,0.029,0.0285,-0.0004,-0.0112,0.0103,0.9361,36,41,0.9361
Transcript_length,Q2,Whisper,content_ratio,0.0544,0.0425,-0.0119,-0.0254,0.0016,0.0827,36,41,0.2205
Transcript_length,Q2,Whisper,mean_word_len,-0.2286,-0.1235,0.1052,0.0018,0.2086,0.0464,36,41,0.2033
Transcript_length,Q3,AWS,ttr,-0.0359,-0.0255,0.0104,-0.0053,0.0261,0.1918,51,25,0.6258
Transcript_length,Q3,AWS,pronoun_ratio,0.0243,0.0319,0.0076,-0.0004,0.0155,0.0627,51,25,0.3465
Transcript_length,Q3,AWS,content_ratio,0.0531,0.0472,-0.006,-0.0161,0.0041,0.2393,51,25,0.6258
Transcript_length,Q3,AWS,mean_word_len,-0.1944,-0.2101,-0.0157,-0.0532,0.0219,0.4073,51,25,0.6569
Transcript_length,Q3,AssemblyAI,ttr,-0.0359,-0.0258,0.0101,-0.0072,0.0273,0.2478,51,25,0.6258
Transcript_length,Q3,AssemblyAI,pronoun_ratio,0.0243,0.0276,0.0033,-0.0034,0.01,0.3328,51,25,0.6264
Transcript_length,Q3,AssemblyAI,content_ratio,0.0531,0.0506,-0.0026,-0.0111,0.006,0.5498,51,25,0.66
Transcript_length,Q3,AssemblyAI,mean_word_len,-0.1944,-0.1883,0.0061,-0.0432,0.0553,0.8054,51,25,0.8314
Transcript_length,Q3,CrisperWhisper,ttr,-0.0359,-0.0482,-0.0123,-0.0339,0.0092,0.2563,51,25,0.6258
Transcript_length,Q3,CrisperWhisper,pronoun_ratio,0.0243,0.0214,-0.0028,-0.0108,0.0051,0.4775,51,25,0.66
Transcript_length,Q3,CrisperWhisper,content_ratio,0.0531,0.0519,-0.0012,-0.014,0.0116,0.8521,51,25,0.8521
Transcript_length,Q3,CrisperWhisper,mean_word_len,-0.1944,-0.2448,-0.0504,-0.1041,0.0033,0.0654,51,25,0.3465
Transcript_length,Q3,Google,ttr,-0.0359,-0.0268,0.009,-0.0147,0.0328,0.4516,51,25,0.6569
Transcript_length,Q3,Google,pronoun_ratio,0.0243,0.0204,-0.0039,-0.0139,0.0061,0.4387,51,25,0.6569
Transcript_length,Q3,Google,content_ratio,0.0531,0.0453,-0.0078,-0.0232,0.0075,0.3129,51,25,0.6258
Transcript_length,Q3,Google,mean_word_len,-0.1944,-0.2053,-0.0109,-0.0865,0.0647,0.774,51,25,0.8256
Transcript_length,Q3,Meta,ttr,-0.0359,0.0234,0.0592,0.0306,0.0879,0.0001,51,25,0.0032
Transcript_length,Q3,Meta,pronoun_ratio,0.0243,0.0199,-0.0044,-0.014,0.0053,0.3702,51,25,0.6569
Transcript_length,Q3,Meta,content_ratio,0.0531,0.0564,0.0033,-0.0082,0.0148,0.5685,51,25,0.66
Transcript_length,Q3,Meta,mean_word_len,-0.1944,-0.2297,-0.0353,-0.1025,0.032,0.2997,51,25,0.6258
Transcript_length,Q3,Microsoft,ttr,-0.0359,-0.028,0.0079,-0.0257,0.0415,0.6408,51,25,0.7071
Transcript_length,Q3,Microsoft,pronoun_ratio,0.0243,0.0276,0.0033,-0.0084,0.015,0.5775,51,25,0.66
Transcript_length,Q3,Microsoft,content_ratio,0.0531,0.046,-0.0072,-0.0324,0.0181,0.5736,51,25,0.66
Transcript_length,Q3,Microsoft,mean_word_len,-0.1944,-0.1553,0.0391,-0.0207,0.0989,0.1968,51,25,0.6258
Transcript_length,Q3,Nemo,ttr,-0.0359,-0.0287,0.0071,-0.0114,0.0257,0.4473,51,25,0.6569
Transcript_length,Q3,Nemo,pronoun_ratio,0.0243,0.0277,0.0034,-0.0027,0.0095,0.2751,51,25,0.6258
Transcript_length,Q3,Nemo,content_ratio,0.0531,0.0447,-0.0084,-0.02,0.0031,0.1497,51,25,0.5988
Transcript_length,Q3,Nemo,mean_word_len,-0.1944,-0.2415,-0.047,-0.0928,-0.0013,0.044,51,25,0.3465
Transcript_length,Q3,Whisper,ttr,-0.0359,-0.0212,0.0146,-0.0016,0.0308,0.0758,51,25,0.3465
Transcript_length,Q3,Whisper,pronoun_ratio,0.0243,0.031,0.0067,-0.0007,0.0142,0.0751,51,25,0.3465
Transcript_length,Q3,Whisper,content_ratio,0.0531,0.0497,-0.0035,-0.0147,0.0078,0.5423,51,25,0.66
Transcript_length,Q3,Whisper,mean_word_len,-0.1944,-0.1365,0.0579,0.0098,0.1059,0.0189,51,25,0.3024
Transcript_length,Q4,AWS,ttr,0.0134,0.0116,-0.0018,-0.0179,0.0143,0.8137,64,12,0.8979
Transcript_length,Q4,AWS,pronoun_ratio,-0.0027,0.0029,0.0056,-0.0015,0.0127,0.1135,64,12,0.392
Transcript_length,Q4,AWS,content_ratio,0.01,0.0053,-0.0047,-0.011,0.0016,0.1383,64,12,0.392
Transcript_length,Q4,AWS,mean_word_len,-0.0524,-0.0274,0.025,-0.0404,0.0904,0.441,64,12,0.6945
Transcript_length,Q4,AssemblyAI,ttr,0.0134,0.02,0.0066,-0.0118,0.0249,0.4617,64,12,0.6945
Transcript_length,Q4,AssemblyAI,pronoun_ratio,-0.0027,-0.0038,-0.0011,-0.0097,0.0075,0.8024,64,12,0.8979
Transcript_length,Q4,AssemblyAI,content_ratio,0.01,0.0096,-0.0004,-0.0078,0.007,0.9096,64,12,0.9702
Transcript_length,Q4,AssemblyAI,mean_word_len,-0.0524,0.0331,0.0855,0.0268,0.1442,0.0055,64,12,0.176
Transcript_length,Q4,CrisperWhisper,ttr,0.0134,0.0051,-0.0083,-0.0296,0.013,0.4182,64,12,0.6945
Transcript_length,Q4,CrisperWhisper,pronoun_ratio,-0.0027,-0.0028,-0.0,-0.0084,0.0083,0.9906,64,12,0.9906
Transcript_length,Q4,CrisperWhisper,content_ratio,0.01,0.0055,-0.0045,-0.0119,0.0028,0.2145,64,12,0.4588
Transcript_length,Q4,CrisperWhisper,mean_word_len,-0.0524,-0.045,0.0074,-0.0551,0.07,0.8083,64,12,0.8979
Transcript_length,Q4,Google,ttr,0.0134,-0.0051,-0.0185,-0.0358,-0.0013,0.0361,64,12,0.2888
Transcript_length,Q4,Google,pronoun_ratio,-0.0027,0.0039,0.0066,-0.0014,0.0147,0.1036,64,12,0.392
Transcript_length,Q4,Google,content_ratio,0.01,-0.0012,-0.0112,-0.0224,-0.0001,0.048,64,12,0.2939
Transcript_length,Q4,Google,mean_word_len,-0.0524,-0.0964,-0.044,-0.1198,0.0318,0.2404,64,12,0.4588
Transcript_length,Q4,Meta,ttr,0.0134,0.0429,0.0295,-0.0086,0.0676,0.1228,64,12,0.392
Transcript_length,Q4,Meta,pronoun_ratio,-0.0027,-0.0111,-0.0084,-0.0201,0.0033,0.147,64,12,0.392
Transcript_length,Q4,Meta,content_ratio,0.01,0.0218,0.0118,-0.0003,0.0239,0.0551,64,12,0.2939
Transcript_length,Q4,Meta,mean_word_len,-0.0524,-0.0034,0.049,-0.037,0.1351,0.2581,64,12,0.4588
Transcript_length,Q4,Microsoft,ttr,0.0134,-0.0262,-0.0396,-0.092,0.0127,0.1333,64,12,0.392
Transcript_length,Q4,Microsoft,pronoun_ratio,-0.0027,-0.0091,-0.0064,-0.0173,0.0045,0.2439,64,12,0.4588
Transcript_length,Q4,Microsoft,content_ratio,0.01,-0.0264,-0.0365,-0.0692,-0.0037,0.0295,64,12,0.2888
Transcript_length,Q4,Microsoft,mean_word_len,-0.0524,-0.0702,-0.0178,-0.1329,0.0973,0.7582,64,12,0.8979
Transcript_length,Q4,Nemo,ttr,0.0134,0.0187,0.0053,-0.0132,0.0238,0.5509,64,12,0.7665
Transcript_length,Q4,Nemo,pronoun_ratio,-0.0027,-0.0026,0.0002,-0.0072,0.0075,0.9644,64,12,0.9906
Transcript_length,Q4,Nemo,content_ratio,0.01,0.0015,-0.0085,-0.0217,0.0047,0.1935,64,12,0.4588
Transcript_length,Q4,Nemo,mean_word_len,-0.0524,-0.0159,0.0365,-0.0269,0.0999,0.2505,64,12,0.4588
Transcript_length,Q4,Whisper,ttr,0.0134,0.0163,0.0028,-0.0146,0.0202,0.742,64,12,0.8979
Transcript_length,Q4,Whisper,pronoun_ratio,-0.0027,-0.0009,0.0018,-0.0076,0.0112,0.6886,64,12,0.8979
Transcript_length,Q4,Whisper,content_ratio,0.01,0.0067,-0.0033,-0.0129,0.0062,0.4775,64,12,0.6945
Transcript_length,Q4,Whisper,mean_word_len,-0.0524,0.0247,0.0772,0.0105,0.1439,0.0243,64,12,0.2888
